run:;0;inertia:;0,400000;phi_1:;1,000000;phi_2:;1,000000;best;2,850274;average;2,611922
run:;0;inertia:;0,400000;phi_1:;1,000000;phi_2:;2,000000;best;2,848030;average;1,707522
run:;0;inertia:;0,400000;phi_1:;2,000000;phi_2:;1,000000;best;2,847627;average;2,217580
run:;0;inertia:;0,400000;phi_1:;2,000000;phi_2:;2,000000;best;2,848960;average;1,556987
run:;0;inertia:;0,800000;phi_1:;1,000000;phi_2:;1,000000;best;2,850274;average;2,823276
run:;0;inertia:;0,800000;phi_1:;1,000000;phi_2:;2,000000;best;2,850274;average;2,115179
run:;0;inertia:;0,800000;phi_1:;2,000000;phi_2:;1,000000;best;2,850274;average;2,220971
run:;0;inertia:;0,800000;phi_1:;2,000000;phi_2:;2,000000;best;2,841133;average;2,008854
run:;0;inertia:;1,000000;phi_1:;1,000000;phi_2:;1,000000;best;2,849935;average;2,562421
run:;0;inertia:;1,000000;phi_1:;1,000000;phi_2:;2,000000;best;2,850203;average;1,461342
run:;0;inertia:;1,000000;phi_1:;2,000000;phi_2:;1,000000;best;2,849935;average;1,929649
run:;0;inertia:;1,000000;phi_1:;2,000000;phi_2:;2,000000;best;2,632346;average;1,904339
run:;1;inertia:;0,400000;phi_1:;1,000000;phi_2:;1,000000;best;2,850274;average;2,543450
run:;1;inertia:;0,400000;phi_1:;1,000000;phi_2:;2,000000;best;2,839867;average;1,376269
run:;1;inertia:;0,400000;phi_1:;2,000000;phi_2:;1,000000;best;2,850241;average;2,176597
run:;1;inertia:;0,400000;phi_1:;2,000000;phi_2:;2,000000;best;2,839867;average;1,358077
run:;1;inertia:;0,800000;phi_1:;1,000000;phi_2:;1,000000;best;2,850274;average;2,821057
run:;1;inertia:;0,800000;phi_1:;1,000000;phi_2:;2,000000;best;2,850274;average;2,044151
run:;1;inertia:;0,800000;phi_1:;2,000000;phi_2:;1,000000;best;2,850274;average;2,206193
run:;1;inertia:;0,800000;phi_1:;2,000000;phi_2:;2,000000;best;2,826039;average;2,032175
run:;1;inertia:;1,000000;phi_1:;1,000000;phi_2:;1,000000;best;2,850268;average;2,520839
run:;1;inertia:;1,000000;phi_1:;1,000000;phi_2:;2,000000;best;2,843653;average;1,351669
run:;1;inertia:;1,000000;phi_1:;2,000000;phi_2:;1,000000;best;2,850268;average;1,954474
run:;1;inertia:;1,000000;phi_1:;2,000000;phi_2:;2,000000;best;2,843653;average;1,362571
run:;2;inertia:;0,400000;phi_1:;1,000000;phi_2:;1,000000;best;2,850274;average;2,691136
run:;2;inertia:;0,400000;phi_1:;1,000000;phi_2:;2,000000;best;2,761796;average;1,327637
run:;2;inertia:;0,400000;phi_1:;2,000000;phi_2:;1,000000;best;2,849178;average;2,210055
run:;2;inertia:;0,400000;phi_1:;2,000000;phi_2:;2,000000;best;2,761796;average;1,321792
run:;2;inertia:;0,800000;phi_1:;1,000000;phi_2:;1,000000;best;2,850274;average;2,823401
run:;2;inertia:;0,800000;phi_1:;1,000000;phi_2:;2,000000;best;2,850274;average;2,075737
run:;2;inertia:;0,800000;phi_1:;2,000000;phi_2:;1,000000;best;2,850274;average;2,234550
run:;2;inertia:;0,800000;phi_1:;2,000000;phi_2:;2,000000;best;2,761796;average;1,353865
run:;2;inertia:;1,000000;phi_1:;1,000000;phi_2:;1,000000;best;2,849742;average;2,501017
run:;2;inertia:;1,000000;phi_1:;1,000000;phi_2:;2,000000;best;2,761796;average;1,346198
run:;2;inertia:;1,000000;phi_1:;2,000000;phi_2:;1,000000;best;2,849742;average;1,942044
run:;2;inertia:;1,000000;phi_1:;2,000000;phi_2:;2,000000;best;2,761796;average;1,386228
run:;3;inertia:;0,400000;phi_1:;1,000000;phi_2:;1,000000;best;2,850274;average;2,618014
run:;3;inertia:;0,400000;phi_1:;1,000000;phi_2:;2,000000;best;2,849319;average;1,829974
run:;3;inertia:;0,400000;phi_1:;2,000000;phi_2:;1,000000;best;2,850218;average;2,278932
run:;3;inertia:;0,400000;phi_1:;2,000000;phi_2:;2,000000;best;2,849319;average;1,953051
run:;3;inertia:;0,800000;phi_1:;1,000000;phi_2:;1,000000;best;2,850274;average;2,823201
run:;3;inertia:;0,800000;phi_1:;1,000000;phi_2:;2,000000;best;2,850274;average;2,172401
run:;3;inertia:;0,800000;phi_1:;2,000000;phi_2:;1,000000;best;2,850274;average;2,245212
run:;3;inertia:;0,800000;phi_1:;2,000000;phi_2:;2,000000;best;2,848764;average;2,079520
run:;3;inertia:;1,000000;phi_1:;1,000000;phi_2:;1,000000;best;2,849894;average;2,534207
run:;3;inertia:;1,000000;phi_1:;1,000000;phi_2:;2,000000;best;2,847974;average;1,227930
run:;3;inertia:;1,000000;phi_1:;2,000000;phi_2:;1,000000;best;2,849894;average;2,006717
run:;3;inertia:;1,000000;phi_1:;2,000000;phi_2:;2,000000;best;2,847974;average;1,385745
run:;4;inertia:;0,400000;phi_1:;1,000000;phi_2:;1,000000;best;2,850274;average;2,629340
run:;4;inertia:;0,400000;phi_1:;1,000000;phi_2:;2,000000;best;2,849053;average;1,897063
run:;4;inertia:;0,400000;phi_1:;2,000000;phi_2:;1,000000;best;2,850211;average;2,221417
run:;4;inertia:;0,400000;phi_1:;2,000000;phi_2:;2,000000;best;2,849053;average;2,031668
run:;4;inertia:;0,800000;phi_1:;1,000000;phi_2:;1,000000;best;2,850274;average;2,827938
run:;4;inertia:;0,800000;phi_1:;1,000000;phi_2:;2,000000;best;2,850274;average;2,232974
run:;4;inertia:;0,800000;phi_1:;2,000000;phi_2:;1,000000;best;2,850274;average;2,305303
run:;4;inertia:;0,800000;phi_1:;2,000000;phi_2:;2,000000;best;2,848206;average;2,106944
run:;4;inertia:;1,000000;phi_1:;1,000000;phi_2:;1,000000;best;2,849420;average;2,589847
run:;4;inertia:;1,000000;phi_1:;1,000000;phi_2:;2,000000;best;2,648562;average;1,257549
run:;4;inertia:;1,000000;phi_1:;2,000000;phi_2:;1,000000;best;2,849420;average;2,057841
run:;4;inertia:;1,000000;phi_1:;2,000000;phi_2:;2,000000;best;2,828601;average;1,334639
run:;5;inertia:;0,400000;phi_1:;1,000000;phi_2:;1,000000;best;2,850274;average;2,566267
run:;5;inertia:;0,400000;phi_1:;1,000000;phi_2:;2,000000;best;2,849588;average;1,915148
run:;5;inertia:;0,400000;phi_1:;2,000000;phi_2:;1,000000;best;2,849170;average;2,163490
run:;5;inertia:;0,400000;phi_1:;2,000000;phi_2:;2,000000;best;2,807413;average;1,759903
run:;5;inertia:;0,800000;phi_1:;1,000000;phi_2:;1,000000;best;2,850274;average;2,826835
run:;5;inertia:;0,800000;phi_1:;1,000000;phi_2:;2,000000;best;2,850274;average;2,199641
run:;5;inertia:;0,800000;phi_1:;2,000000;phi_2:;1,000000;best;2,850274;average;2,232068
run:;5;inertia:;0,800000;phi_1:;2,000000;phi_2:;2,000000;best;2,791786;average;1,698066
run:;5;inertia:;1,000000;phi_1:;1,000000;phi_2:;1,000000;best;2,824802;average;2,515019
run:;5;inertia:;1,000000;phi_1:;1,000000;phi_2:;2,000000;best;2,735770;average;1,754949
run:;5;inertia:;1,000000;phi_1:;2,000000;phi_2:;1,000000;best;2,824802;average;1,978586
run:;5;inertia:;1,000000;phi_1:;2,000000;phi_2:;2,000000;best;2,735770;average;1,737521
run:;6;inertia:;0,400000;phi_1:;1,000000;phi_2:;1,000000;best;2,850274;average;2,619912
run:;6;inertia:;0,400000;phi_1:;1,000000;phi_2:;2,000000;best;2,850052;average;1,656747
run:;6;inertia:;0,400000;phi_1:;2,000000;phi_2:;1,000000;best;2,848922;average;2,245392
run:;6;inertia:;0,400000;phi_1:;2,000000;phi_2:;2,000000;best;2,850052;average;1,750848
run:;6;inertia:;0,800000;phi_1:;1,000000;phi_2:;1,000000;best;2,850274;average;2,830969
run:;6;inertia:;0,800000;phi_1:;1,000000;phi_2:;2,000000;best;2,850274;average;2,108418
run:;6;inertia:;0,800000;phi_1:;2,000000;phi_2:;1,000000;best;2,850274;average;2,253566
run:;6;inertia:;0,800000;phi_1:;2,000000;phi_2:;2,000000;best;2,848922;average;2,044829
run:;6;inertia:;1,000000;phi_1:;1,000000;phi_2:;1,000000;best;2,848922;average;2,545507
run:;6;inertia:;1,000000;phi_1:;1,000000;phi_2:;2,000000;best;2,848922;average;1,338790
run:;6;inertia:;1,000000;phi_1:;2,000000;phi_2:;1,000000;best;2,848922;average;1,964359
run:;6;inertia:;1,000000;phi_1:;2,000000;phi_2:;2,000000;best;2,848922;average;1,412199
run:;7;inertia:;0,400000;phi_1:;1,000000;phi_2:;1,000000;best;2,850274;average;2,562526
run:;7;inertia:;0,400000;phi_1:;1,000000;phi_2:;2,000000;best;2,850181;average;1,377658
run:;7;inertia:;0,400000;phi_1:;2,000000;phi_2:;1,000000;best;2,850269;average;2,170022
run:;7;inertia:;0,400000;phi_1:;2,000000;phi_2:;2,000000;best;2,850267;average;1,366220
run:;7;inertia:;0,800000;phi_1:;1,000000;phi_2:;1,000000;best;2,850274;average;2,803716
run:;7;inertia:;0,800000;phi_1:;1,000000;phi_2:;2,000000;best;2,850274;average;1,381263
run:;7;inertia:;0,800000;phi_1:;2,000000;phi_2:;1,000000;best;2,850274;average;2,245144
run:;7;inertia:;0,800000;phi_1:;2,000000;phi_2:;2,000000;best;2,850223;average;1,360251
run:;7;inertia:;1,000000;phi_1:;1,000000;phi_2:;1,000000;best;2,850108;average;2,551769
run:;7;inertia:;1,000000;phi_1:;1,000000;phi_2:;2,000000;best;2,827681;average;1,341338
run:;7;inertia:;1,000000;phi_1:;2,000000;phi_2:;1,000000;best;2,850108;average;1,998453
run:;7;inertia:;1,000000;phi_1:;2,000000;phi_2:;2,000000;best;2,827681;average;1,400545
run:;8;inertia:;0,400000;phi_1:;1,000000;phi_2:;1,000000;best;2,850274;average;2,610471
run:;8;inertia:;0,400000;phi_1:;1,000000;phi_2:;2,000000;best;2,828411;average;1,277946
run:;8;inertia:;0,400000;phi_1:;2,000000;phi_2:;1,000000;best;2,840174;average;2,191954
run:;8;inertia:;0,400000;phi_1:;2,000000;phi_2:;2,000000;best;2,828411;average;1,269377
run:;8;inertia:;0,800000;phi_1:;1,000000;phi_2:;1,000000;best;2,850274;average;2,815714
run:;8;inertia:;0,800000;phi_1:;1,000000;phi_2:;2,000000;best;2,850274;average;2,101436
run:;8;inertia:;0,800000;phi_1:;2,000000;phi_2:;1,000000;best;2,850274;average;2,147541
run:;8;inertia:;0,800000;phi_1:;2,000000;phi_2:;2,000000;best;2,828411;average;1,294878
run:;8;inertia:;1,000000;phi_1:;1,000000;phi_2:;1,000000;best;2,828411;average;2,518464
run:;8;inertia:;1,000000;phi_1:;1,000000;phi_2:;2,000000;best;2,847389;average;1,360832
run:;8;inertia:;1,000000;phi_1:;2,000000;phi_2:;1,000000;best;2,828411;average;1,938760
run:;8;inertia:;1,000000;phi_1:;2,000000;phi_2:;2,000000;best;2,847389;average;1,414533
run:;9;inertia:;0,400000;phi_1:;1,000000;phi_2:;1,000000;best;2,850274;average;2,577403
run:;9;inertia:;0,400000;phi_1:;1,000000;phi_2:;2,000000;best;2,840176;average;1,362375
run:;9;inertia:;0,400000;phi_1:;2,000000;phi_2:;1,000000;best;2,847688;average;2,307115
run:;9;inertia:;0,400000;phi_1:;2,000000;phi_2:;2,000000;best;2,840176;average;1,349493
run:;9;inertia:;0,800000;phi_1:;1,000000;phi_2:;1,000000;best;2,850274;average;2,814076
run:;9;inertia:;0,800000;phi_1:;1,000000;phi_2:;2,000000;best;2,850274;average;2,301110
run:;9;inertia:;0,800000;phi_1:;2,000000;phi_2:;1,000000;best;2,850274;average;2,349211
run:;9;inertia:;0,800000;phi_1:;2,000000;phi_2:;2,000000;best;2,850244;average;2,044751
run:;9;inertia:;1,000000;phi_1:;1,000000;phi_2:;1,000000;best;2,848825;average;2,597727
run:;9;inertia:;1,000000;phi_1:;1,000000;phi_2:;2,000000;best;2,845704;average;1,259670
run:;9;inertia:;1,000000;phi_1:;2,000000;phi_2:;1,000000;best;2,848825;average;2,017741
run:;9;inertia:;1,000000;phi_1:;2,000000;phi_2:;2,000000;best;2,845704;average;1,311192
run:;10;inertia:;0,400000;phi_1:;1,000000;phi_2:;1,000000;best;2,850274;average;2,606280
run:;10;inertia:;0,400000;phi_1:;1,000000;phi_2:;2,000000;best;2,810215;average;1,252019
run:;10;inertia:;0,400000;phi_1:;2,000000;phi_2:;1,000000;best;2,850060;average;2,137191
run:;10;inertia:;0,400000;phi_1:;2,000000;phi_2:;2,000000;best;2,810215;average;1,247979
run:;10;inertia:;0,800000;phi_1:;1,000000;phi_2:;1,000000;best;2,850274;average;2,799391
run:;10;inertia:;0,800000;phi_1:;1,000000;phi_2:;2,000000;best;2,850274;average;2,196047
run:;10;inertia:;0,800000;phi_1:;2,000000;phi_2:;1,000000;best;2,850274;average;2,215286
run:;10;inertia:;0,800000;phi_1:;2,000000;phi_2:;2,000000;best;2,831793;average;1,785778
run:;10;inertia:;1,000000;phi_1:;1,000000;phi_2:;1,000000;best;2,842271;average;2,549237
run:;10;inertia:;1,000000;phi_1:;1,000000;phi_2:;2,000000;best;2,848491;average;1,282534
run:;10;inertia:;1,000000;phi_1:;2,000000;phi_2:;1,000000;best;2,842271;average;1,993582
run:;10;inertia:;1,000000;phi_1:;2,000000;phi_2:;2,000000;best;2,848491;average;1,342763
run:;11;inertia:;0,400000;phi_1:;1,000000;phi_2:;1,000000;best;2,850274;average;2,633993
run:;11;inertia:;0,400000;phi_1:;1,000000;phi_2:;2,000000;best;2,724183;average;1,295277
run:;11;inertia:;0,400000;phi_1:;2,000000;phi_2:;1,000000;best;2,836560;average;2,227830
run:;11;inertia:;0,400000;phi_1:;2,000000;phi_2:;2,000000;best;2,724183;average;1,280819
run:;11;inertia:;0,800000;phi_1:;1,000000;phi_2:;1,000000;best;2,850274;average;2,806519
run:;11;inertia:;0,800000;phi_1:;1,000000;phi_2:;2,000000;best;2,850274;average;2,126724
run:;11;inertia:;0,800000;phi_1:;2,000000;phi_2:;1,000000;best;2,850274;average;2,212996
run:;11;inertia:;0,800000;phi_1:;2,000000;phi_2:;2,000000;best;2,839252;average;1,991020
run:;11;inertia:;1,000000;phi_1:;1,000000;phi_2:;1,000000;best;2,839270;average;2,534732
run:;11;inertia:;1,000000;phi_1:;1,000000;phi_2:;2,000000;best;2,825309;average;1,322687
run:;11;inertia:;1,000000;phi_1:;2,000000;phi_2:;1,000000;best;2,839270;average;1,910943
run:;11;inertia:;1,000000;phi_1:;2,000000;phi_2:;2,000000;best;2,825309;average;1,334704
run:;12;inertia:;0,400000;phi_1:;1,000000;phi_2:;1,000000;best;2,850274;average;2,637610
run:;12;inertia:;0,400000;phi_1:;1,000000;phi_2:;2,000000;best;2,839055;average;1,891071
run:;12;inertia:;0,400000;phi_1:;2,000000;phi_2:;1,000000;best;2,849324;average;2,266731
run:;12;inertia:;0,400000;phi_1:;2,000000;phi_2:;2,000000;best;2,839055;average;2,003879
run:;12;inertia:;0,800000;phi_1:;1,000000;phi_2:;1,000000;best;2,850274;average;2,826680
run:;12;inertia:;0,800000;phi_1:;1,000000;phi_2:;2,000000;best;2,850274;average;2,142621
run:;12;inertia:;0,800000;phi_1:;2,000000;phi_2:;1,000000;best;2,850274;average;2,222616
run:;12;inertia:;0,800000;phi_1:;2,000000;phi_2:;2,000000;best;2,839055;average;2,105069
run:;12;inertia:;1,000000;phi_1:;1,000000;phi_2:;1,000000;best;2,843546;average;2,550468
run:;12;inertia:;1,000000;phi_1:;1,000000;phi_2:;2,000000;best;2,839055;average;1,385619
run:;12;inertia:;1,000000;phi_1:;2,000000;phi_2:;1,000000;best;2,843546;average;1,967404
run:;12;inertia:;1,000000;phi_1:;2,000000;phi_2:;2,000000;best;2,839055;average;1,570730
run:;13;inertia:;0,400000;phi_1:;1,000000;phi_2:;1,000000;best;2,850274;average;2,636306
run:;13;inertia:;0,400000;phi_1:;1,000000;phi_2:;2,000000;best;2,784031;average;1,794713
run:;13;inertia:;0,400000;phi_1:;2,000000;phi_2:;1,000000;best;2,850005;average;2,299086
run:;13;inertia:;0,400000;phi_1:;2,000000;phi_2:;2,000000;best;2,850194;average;1,499883
run:;13;inertia:;0,800000;phi_1:;1,000000;phi_2:;1,000000;best;2,850274;average;2,831574
run:;13;inertia:;0,800000;phi_1:;1,000000;phi_2:;2,000000;best;2,850274;average;2,148108
run:;13;inertia:;0,800000;phi_1:;2,000000;phi_2:;1,000000;best;2,850274;average;2,323777
run:;13;inertia:;0,800000;phi_1:;2,000000;phi_2:;2,000000;best;2,808563;average;1,869320
run:;13;inertia:;1,000000;phi_1:;1,000000;phi_2:;1,000000;best;2,845599;average;2,536916
run:;13;inertia:;1,000000;phi_1:;1,000000;phi_2:;2,000000;best;2,637524;average;1,415822
run:;13;inertia:;1,000000;phi_1:;2,000000;phi_2:;1,000000;best;2,772245;average;2,056966
run:;13;inertia:;1,000000;phi_1:;2,000000;phi_2:;2,000000;best;2,842027;average;1,512604
run:;14;inertia:;0,400000;phi_1:;1,000000;phi_2:;1,000000;best;2,850274;average;2,644030
run:;14;inertia:;0,400000;phi_1:;1,000000;phi_2:;2,000000;best;2,797994;average;1,305319
run:;14;inertia:;0,400000;phi_1:;2,000000;phi_2:;1,000000;best;2,850260;average;2,298385
run:;14;inertia:;0,400000;phi_1:;2,000000;phi_2:;2,000000;best;2,797994;average;1,300836
run:;14;inertia:;0,800000;phi_1:;1,000000;phi_2:;1,000000;best;2,850274;average;2,806327
run:;14;inertia:;0,800000;phi_1:;1,000000;phi_2:;2,000000;best;2,850274;average;1,370175
run:;14;inertia:;0,800000;phi_1:;2,000000;phi_2:;1,000000;best;2,850274;average;2,302165
run:;14;inertia:;0,800000;phi_1:;2,000000;phi_2:;2,000000;best;2,797994;average;1,290794
run:;14;inertia:;1,000000;phi_1:;1,000000;phi_2:;1,000000;best;2,811925;average;2,491454
run:;14;inertia:;1,000000;phi_1:;1,000000;phi_2:;2,000000;best;2,819337;average;1,612838
run:;14;inertia:;1,000000;phi_1:;2,000000;phi_2:;1,000000;best;2,811925;average;2,132493
run:;14;inertia:;1,000000;phi_1:;2,000000;phi_2:;2,000000;best;2,819337;average;1,779222
run:;15;inertia:;0,400000;phi_1:;1,000000;phi_2:;1,000000;best;2,850274;average;2,580584
run:;15;inertia:;0,400000;phi_1:;1,000000;phi_2:;2,000000;best;2,838789;average;1,825824
run:;15;inertia:;0,400000;phi_1:;2,000000;phi_2:;1,000000;best;2,849619;average;2,198531
run:;15;inertia:;0,400000;phi_1:;2,000000;phi_2:;2,000000;best;2,702322;average;1,359382
run:;15;inertia:;0,800000;phi_1:;1,000000;phi_2:;1,000000;best;2,850274;average;2,800102
run:;15;inertia:;0,800000;phi_1:;1,000000;phi_2:;2,000000;best;2,850274;average;2,062020
run:;15;inertia:;0,800000;phi_1:;2,000000;phi_2:;1,000000;best;2,850274;average;2,128796
run:;15;inertia:;0,800000;phi_1:;2,000000;phi_2:;2,000000;best;2,645620;average;1,851286
run:;15;inertia:;1,000000;phi_1:;1,000000;phi_2:;1,000000;best;2,841870;average;2,521411
run:;15;inertia:;1,000000;phi_1:;1,000000;phi_2:;2,000000;best;2,643168;average;1,411207
run:;15;inertia:;1,000000;phi_1:;2,000000;phi_2:;1,000000;best;2,841870;average;1,968928
run:;15;inertia:;1,000000;phi_1:;2,000000;phi_2:;2,000000;best;2,643168;average;1,445629
run:;16;inertia:;0,400000;phi_1:;1,000000;phi_2:;1,000000;best;2,850274;average;2,574778
run:;16;inertia:;0,400000;phi_1:;1,000000;phi_2:;2,000000;best;2,819867;average;2,006495
run:;16;inertia:;0,400000;phi_1:;2,000000;phi_2:;1,000000;best;2,845872;average;2,242549
run:;16;inertia:;0,400000;phi_1:;2,000000;phi_2:;2,000000;best;2,819867;average;2,007888
run:;16;inertia:;0,800000;phi_1:;1,000000;phi_2:;1,000000;best;2,850274;average;2,801705
run:;16;inertia:;0,800000;phi_1:;1,000000;phi_2:;2,000000;best;2,850274;average;2,235701
run:;16;inertia:;0,800000;phi_1:;2,000000;phi_2:;1,000000;best;2,850274;average;2,266321
run:;16;inertia:;0,800000;phi_1:;2,000000;phi_2:;2,000000;best;2,818719;average;2,152583
run:;16;inertia:;1,000000;phi_1:;1,000000;phi_2:;1,000000;best;2,730429;average;2,480626
run:;16;inertia:;1,000000;phi_1:;1,000000;phi_2:;2,000000;best;2,730429;average;1,356049
run:;16;inertia:;1,000000;phi_1:;2,000000;phi_2:;1,000000;best;2,730429;average;2,017793
run:;16;inertia:;1,000000;phi_1:;2,000000;phi_2:;2,000000;best;2,730429;average;1,365190
run:;17;inertia:;0,400000;phi_1:;1,000000;phi_2:;1,000000;best;2,850274;average;2,600483
run:;17;inertia:;0,400000;phi_1:;1,000000;phi_2:;2,000000;best;2,846768;average;1,815898
run:;17;inertia:;0,400000;phi_1:;2,000000;phi_2:;1,000000;best;2,849102;average;2,296160
run:;17;inertia:;0,400000;phi_1:;2,000000;phi_2:;2,000000;best;2,846768;average;1,946517
run:;17;inertia:;0,800000;phi_1:;1,000000;phi_2:;1,000000;best;2,850274;average;2,824651
run:;17;inertia:;0,800000;phi_1:;1,000000;phi_2:;2,000000;best;2,850274;average;2,136787
run:;17;inertia:;0,800000;phi_1:;2,000000;phi_2:;1,000000;best;2,850274;average;2,213025
run:;17;inertia:;0,800000;phi_1:;2,000000;phi_2:;2,000000;best;2,844027;average;1,383115
run:;17;inertia:;1,000000;phi_1:;1,000000;phi_2:;1,000000;best;2,845813;average;2,577558
run:;17;inertia:;1,000000;phi_1:;1,000000;phi_2:;2,000000;best;2,819339;average;1,540849
run:;17;inertia:;1,000000;phi_1:;2,000000;phi_2:;1,000000;best;2,845813;average;2,030833
run:;17;inertia:;1,000000;phi_1:;2,000000;phi_2:;2,000000;best;2,819339;average;1,741667
run:;18;inertia:;0,400000;phi_1:;1,000000;phi_2:;1,000000;best;2,850274;average;2,629282
run:;18;inertia:;0,400000;phi_1:;1,000000;phi_2:;2,000000;best;2,850270;average;1,433670
run:;18;inertia:;0,400000;phi_1:;2,000000;phi_2:;1,000000;best;2,850252;average;2,340486
run:;18;inertia:;0,400000;phi_1:;2,000000;phi_2:;2,000000;best;2,850268;average;1,416065
run:;18;inertia:;0,800000;phi_1:;1,000000;phi_2:;1,000000;best;2,850274;average;2,808380
run:;18;inertia:;0,800000;phi_1:;1,000000;phi_2:;2,000000;best;2,850274;average;2,262003
run:;18;inertia:;0,800000;phi_1:;2,000000;phi_2:;1,000000;best;2,850274;average;2,313822
run:;18;inertia:;0,800000;phi_1:;2,000000;phi_2:;2,000000;best;2,832211;average;2,139276
run:;18;inertia:;1,000000;phi_1:;1,000000;phi_2:;1,000000;best;2,832211;average;2,601809
run:;18;inertia:;1,000000;phi_1:;1,000000;phi_2:;2,000000;best;2,832211;average;1,477629
run:;18;inertia:;1,000000;phi_1:;2,000000;phi_2:;1,000000;best;2,832211;average;2,002510
run:;18;inertia:;1,000000;phi_1:;2,000000;phi_2:;2,000000;best;2,832211;average;1,694513
run:;19;inertia:;0,400000;phi_1:;1,000000;phi_2:;1,000000;best;2,850274;average;2,547384
run:;19;inertia:;0,400000;phi_1:;1,000000;phi_2:;2,000000;best;2,805735;average;1,935224
run:;19;inertia:;0,400000;phi_1:;2,000000;phi_2:;1,000000;best;2,839576;average;2,154978
run:;19;inertia:;0,400000;phi_1:;2,000000;phi_2:;2,000000;best;2,805735;average;1,901745
run:;19;inertia:;0,800000;phi_1:;1,000000;phi_2:;1,000000;best;2,850274;average;2,804878
run:;19;inertia:;0,800000;phi_1:;1,000000;phi_2:;2,000000;best;2,850274;average;2,172475
run:;19;inertia:;0,800000;phi_1:;2,000000;phi_2:;1,000000;best;2,850274;average;2,208139
run:;19;inertia:;0,800000;phi_1:;2,000000;phi_2:;2,000000;best;2,805735;average;2,082622
run:;19;inertia:;1,000000;phi_1:;1,000000;phi_2:;1,000000;best;2,808342;average;2,501283
run:;19;inertia:;1,000000;phi_1:;1,000000;phi_2:;2,000000;best;2,805735;average;1,599539
run:;19;inertia:;1,000000;phi_1:;2,000000;phi_2:;1,000000;best;2,808342;average;1,976024
run:;19;inertia:;1,000000;phi_1:;2,000000;phi_2:;2,000000;best;2,805735;average;1,742912
run:;20;inertia:;0,400000;phi_1:;1,000000;phi_2:;1,000000;best;2,850274;average;2,588924
run:;20;inertia:;0,400000;phi_1:;1,000000;phi_2:;2,000000;best;2,849984;average;1,305734
run:;20;inertia:;0,400000;phi_1:;2,000000;phi_2:;1,000000;best;2,850064;average;2,206483
run:;20;inertia:;0,400000;phi_1:;2,000000;phi_2:;2,000000;best;2,849984;average;1,303602
run:;20;inertia:;0,800000;phi_1:;1,000000;phi_2:;1,000000;best;2,850274;average;2,799605
run:;20;inertia:;0,800000;phi_1:;1,000000;phi_2:;2,000000;best;2,850274;average;2,156000
run:;20;inertia:;0,800000;phi_1:;2,000000;phi_2:;1,000000;best;2,850274;average;2,226143
run:;20;inertia:;0,800000;phi_1:;2,000000;phi_2:;2,000000;best;2,841704;average;2,012136
run:;20;inertia:;1,000000;phi_1:;1,000000;phi_2:;1,000000;best;2,755226;average;2,480324
run:;20;inertia:;1,000000;phi_1:;1,000000;phi_2:;2,000000;best;2,788662;average;1,630886
run:;20;inertia:;1,000000;phi_1:;2,000000;phi_2:;1,000000;best;2,846570;average;1,904659
run:;20;inertia:;1,000000;phi_1:;2,000000;phi_2:;2,000000;best;2,788662;average;1,755041
run:;21;inertia:;0,400000;phi_1:;1,000000;phi_2:;1,000000;best;2,850274;average;2,601805
run:;21;inertia:;0,400000;phi_1:;1,000000;phi_2:;2,000000;best;2,830923;average;1,283047
run:;21;inertia:;0,400000;phi_1:;2,000000;phi_2:;1,000000;best;2,848905;average;2,218911
run:;21;inertia:;0,400000;phi_1:;2,000000;phi_2:;2,000000;best;2,830923;average;1,277245
run:;21;inertia:;0,800000;phi_1:;1,000000;phi_2:;1,000000;best;2,850274;average;2,817573
run:;21;inertia:;0,800000;phi_1:;1,000000;phi_2:;2,000000;best;2,850274;average;2,112238
run:;21;inertia:;0,800000;phi_1:;2,000000;phi_2:;1,000000;best;2,850274;average;2,248597
run:;21;inertia:;0,800000;phi_1:;2,000000;phi_2:;2,000000;best;2,840915;average;1,902436
run:;21;inertia:;1,000000;phi_1:;1,000000;phi_2:;1,000000;best;2,850260;average;2,451837
run:;21;inertia:;1,000000;phi_1:;1,000000;phi_2:;2,000000;best;2,639021;average;1,407575
run:;21;inertia:;1,000000;phi_1:;2,000000;phi_2:;1,000000;best;2,850260;average;2,076792
run:;21;inertia:;1,000000;phi_1:;2,000000;phi_2:;2,000000;best;2,833114;average;1,416278
run:;22;inertia:;0,400000;phi_1:;1,000000;phi_2:;1,000000;best;2,850274;average;2,606930
run:;22;inertia:;0,400000;phi_1:;1,000000;phi_2:;2,000000;best;2,822231;average;1,923100
run:;22;inertia:;0,400000;phi_1:;2,000000;phi_2:;1,000000;best;2,848058;average;2,258708
run:;22;inertia:;0,400000;phi_1:;2,000000;phi_2:;2,000000;best;2,822231;average;1,941664
run:;22;inertia:;0,800000;phi_1:;1,000000;phi_2:;1,000000;best;2,850274;average;2,811682
run:;22;inertia:;0,800000;phi_1:;1,000000;phi_2:;2,000000;best;2,850274;average;2,162629
run:;22;inertia:;0,800000;phi_1:;2,000000;phi_2:;1,000000;best;2,850274;average;2,253357
run:;22;inertia:;0,800000;phi_1:;2,000000;phi_2:;2,000000;best;2,840087;average;1,369775
run:;22;inertia:;1,000000;phi_1:;1,000000;phi_2:;1,000000;best;2,697202;average;2,383548
run:;22;inertia:;1,000000;phi_1:;1,000000;phi_2:;2,000000;best;2,829149;average;1,469573
run:;22;inertia:;1,000000;phi_1:;2,000000;phi_2:;1,000000;best;2,804042;average;2,001411
run:;22;inertia:;1,000000;phi_1:;2,000000;phi_2:;2,000000;best;2,829149;average;1,691426
run:;23;inertia:;0,400000;phi_1:;1,000000;phi_2:;1,000000;best;2,850274;average;2,589380
run:;23;inertia:;0,400000;phi_1:;1,000000;phi_2:;2,000000;best;2,842328;average;1,875801
run:;23;inertia:;0,400000;phi_1:;2,000000;phi_2:;1,000000;best;2,848876;average;2,273972
run:;23;inertia:;0,400000;phi_1:;2,000000;phi_2:;2,000000;best;2,842328;average;1,983730
run:;23;inertia:;0,800000;phi_1:;1,000000;phi_2:;1,000000;best;2,850274;average;2,827034
run:;23;inertia:;0,800000;phi_1:;1,000000;phi_2:;2,000000;best;2,850274;average;2,177955
run:;23;inertia:;0,800000;phi_1:;2,000000;phi_2:;1,000000;best;2,850274;average;2,312004
run:;23;inertia:;0,800000;phi_1:;2,000000;phi_2:;2,000000;best;2,842328;average;2,069344
run:;23;inertia:;1,000000;phi_1:;1,000000;phi_2:;1,000000;best;2,848648;average;2,563549
run:;23;inertia:;1,000000;phi_1:;1,000000;phi_2:;2,000000;best;2,842328;average;1,438884
run:;23;inertia:;1,000000;phi_1:;2,000000;phi_2:;1,000000;best;2,848648;average;2,086323
run:;23;inertia:;1,000000;phi_1:;2,000000;phi_2:;2,000000;best;2,842328;average;1,574110
run:;24;inertia:;0,400000;phi_1:;1,000000;phi_2:;1,000000;best;2,850274;average;2,579550
run:;24;inertia:;0,400000;phi_1:;1,000000;phi_2:;2,000000;best;2,754042;average;1,385022
run:;24;inertia:;0,400000;phi_1:;2,000000;phi_2:;1,000000;best;2,850271;average;2,189722
run:;24;inertia:;0,400000;phi_1:;2,000000;phi_2:;2,000000;best;2,754042;average;1,371510
run:;24;inertia:;0,800000;phi_1:;1,000000;phi_2:;1,000000;best;2,850274;average;2,823509
run:;24;inertia:;0,800000;phi_1:;1,000000;phi_2:;2,000000;best;2,850274;average;2,135710
run:;24;inertia:;0,800000;phi_1:;2,000000;phi_2:;1,000000;best;2,850274;average;2,282540
run:;24;inertia:;0,800000;phi_1:;2,000000;phi_2:;2,000000;best;2,771908;average;1,748173
run:;24;inertia:;1,000000;phi_1:;1,000000;phi_2:;1,000000;best;2,849331;average;2,505703
run:;24;inertia:;1,000000;phi_1:;1,000000;phi_2:;2,000000;best;2,783227;average;1,693384
run:;24;inertia:;1,000000;phi_1:;2,000000;phi_2:;1,000000;best;2,849331;average;2,027867
run:;24;inertia:;1,000000;phi_1:;2,000000;phi_2:;2,000000;best;2,824709;average;1,719801
run:;25;inertia:;0,400000;phi_1:;1,000000;phi_2:;1,000000;best;2,850274;average;2,636931
run:;25;inertia:;0,400000;phi_1:;1,000000;phi_2:;2,000000;best;2,733115;average;1,660540
run:;25;inertia:;0,400000;phi_1:;2,000000;phi_2:;1,000000;best;2,834558;average;2,189068
run:;25;inertia:;0,400000;phi_1:;2,000000;phi_2:;2,000000;best;2,843839;average;1,596977
run:;25;inertia:;0,800000;phi_1:;1,000000;phi_2:;1,000000;best;2,850274;average;2,816057
run:;25;inertia:;0,800000;phi_1:;1,000000;phi_2:;2,000000;best;2,850274;average;2,196815
run:;25;inertia:;0,800000;phi_1:;2,000000;phi_2:;1,000000;best;2,850274;average;2,304485
run:;25;inertia:;0,800000;phi_1:;2,000000;phi_2:;2,000000;best;2,827827;average;2,098309
run:;25;inertia:;1,000000;phi_1:;1,000000;phi_2:;1,000000;best;2,841091;average;2,528776
run:;25;inertia:;1,000000;phi_1:;1,000000;phi_2:;2,000000;best;2,849897;average;1,285367
run:;25;inertia:;1,000000;phi_1:;2,000000;phi_2:;1,000000;best;2,841091;average;2,072869
run:;25;inertia:;1,000000;phi_1:;2,000000;phi_2:;2,000000;best;2,849897;average;1,308468
run:;26;inertia:;0,400000;phi_1:;1,000000;phi_2:;1,000000;best;2,850274;average;2,609657
run:;26;inertia:;0,400000;phi_1:;1,000000;phi_2:;2,000000;best;2,848297;average;1,367177
run:;26;inertia:;0,400000;phi_1:;2,000000;phi_2:;1,000000;best;2,850026;average;2,169487
run:;26;inertia:;0,400000;phi_1:;2,000000;phi_2:;2,000000;best;2,835456;average;1,347421
run:;26;inertia:;0,800000;phi_1:;1,000000;phi_2:;1,000000;best;2,850274;average;2,824021
run:;26;inertia:;0,800000;phi_1:;1,000000;phi_2:;2,000000;best;2,850274;average;2,134038
run:;26;inertia:;0,800000;phi_1:;2,000000;phi_2:;1,000000;best;2,850274;average;2,179280
run:;26;inertia:;0,800000;phi_1:;2,000000;phi_2:;2,000000;best;2,835456;average;1,332256
run:;26;inertia:;1,000000;phi_1:;1,000000;phi_2:;1,000000;best;2,835456;average;2,433156
run:;26;inertia:;1,000000;phi_1:;1,000000;phi_2:;2,000000;best;2,835456;average;1,222449
run:;26;inertia:;1,000000;phi_1:;2,000000;phi_2:;1,000000;best;2,835456;average;1,959291
run:;26;inertia:;1,000000;phi_1:;2,000000;phi_2:;2,000000;best;2,835456;average;1,320692
run:;27;inertia:;0,400000;phi_1:;1,000000;phi_2:;1,000000;best;2,850274;average;2,640493
run:;27;inertia:;0,400000;phi_1:;1,000000;phi_2:;2,000000;best;2,802772;average;2,002609
run:;27;inertia:;0,400000;phi_1:;2,000000;phi_2:;1,000000;best;2,849906;average;2,223372
run:;27;inertia:;0,400000;phi_1:;2,000000;phi_2:;2,000000;best;2,802772;average;1,950878
run:;27;inertia:;0,800000;phi_1:;1,000000;phi_2:;1,000000;best;2,850274;average;2,810830
run:;27;inertia:;0,800000;phi_1:;1,000000;phi_2:;2,000000;best;2,850274;average;2,239446
run:;27;inertia:;0,800000;phi_1:;2,000000;phi_2:;1,000000;best;2,850274;average;2,322126
run:;27;inertia:;0,800000;phi_1:;2,000000;phi_2:;2,000000;best;2,847451;average;2,106187
run:;27;inertia:;1,000000;phi_1:;1,000000;phi_2:;1,000000;best;2,805337;average;2,508529
run:;27;inertia:;1,000000;phi_1:;1,000000;phi_2:;2,000000;best;2,802772;average;1,642009
run:;27;inertia:;1,000000;phi_1:;2,000000;phi_2:;1,000000;best;2,805337;average;2,021246
run:;27;inertia:;1,000000;phi_1:;2,000000;phi_2:;2,000000;best;2,802772;average;1,833091
run:;28;inertia:;0,400000;phi_1:;1,000000;phi_2:;1,000000;best;2,850274;average;2,643905
run:;28;inertia:;0,400000;phi_1:;1,000000;phi_2:;2,000000;best;2,849461;average;1,851629
run:;28;inertia:;0,400000;phi_1:;2,000000;phi_2:;1,000000;best;2,850259;average;2,225945
run:;28;inertia:;0,400000;phi_1:;2,000000;phi_2:;2,000000;best;2,849461;average;1,862282
run:;28;inertia:;0,800000;phi_1:;1,000000;phi_2:;1,000000;best;2,850274;average;2,823042
run:;28;inertia:;0,800000;phi_1:;1,000000;phi_2:;2,000000;best;2,850274;average;2,009043
run:;28;inertia:;0,800000;phi_1:;2,000000;phi_2:;1,000000;best;2,850274;average;2,294133
run:;28;inertia:;0,800000;phi_1:;2,000000;phi_2:;2,000000;best;2,598452;average;1,295092
run:;28;inertia:;1,000000;phi_1:;1,000000;phi_2:;1,000000;best;2,849847;average;2,586110
run:;28;inertia:;1,000000;phi_1:;1,000000;phi_2:;2,000000;best;2,776291;average;1,727573
run:;28;inertia:;1,000000;phi_1:;2,000000;phi_2:;1,000000;best;2,849847;average;2,111222
run:;28;inertia:;1,000000;phi_1:;2,000000;phi_2:;2,000000;best;2,776291;average;1,833508
run:;29;inertia:;0,400000;phi_1:;1,000000;phi_2:;1,000000;best;2,850274;average;2,654676
run:;29;inertia:;0,400000;phi_1:;1,000000;phi_2:;2,000000;best;2,809298;average;1,928504
run:;29;inertia:;0,400000;phi_1:;2,000000;phi_2:;1,000000;best;2,849983;average;2,163137
run:;29;inertia:;0,400000;phi_1:;2,000000;phi_2:;2,000000;best;2,809298;average;1,886637
run:;29;inertia:;0,800000;phi_1:;1,000000;phi_2:;1,000000;best;2,850274;average;2,815613
run:;29;inertia:;0,800000;phi_1:;1,000000;phi_2:;2,000000;best;2,850274;average;2,216921
run:;29;inertia:;0,800000;phi_1:;2,000000;phi_2:;1,000000;best;2,850274;average;2,273330
run:;29;inertia:;0,800000;phi_1:;2,000000;phi_2:;2,000000;best;2,774939;average;2,092862
run:;29;inertia:;1,000000;phi_1:;1,000000;phi_2:;1,000000;best;2,806272;average;2,490519
run:;29;inertia:;1,000000;phi_1:;1,000000;phi_2:;2,000000;best;2,774939;average;1,759981
run:;29;inertia:;1,000000;phi_1:;2,000000;phi_2:;1,000000;best;2,806272;average;2,034318
run:;29;inertia:;1,000000;phi_1:;2,000000;phi_2:;2,000000;best;2,774939;average;1,788360
